doc_id,item,category,amount,price,discount,receipt_time
Db20250331090200,хоз_товар_139,хозяйственные товары,1,620.0,0.5,2025-03-31 09:02:00
Db20250331090500,мебель_342,мебель,5,5430.0,0.0,2025-03-31 09:05:00
Db20250331090500,хоз_товар_65,хозяйственные товары,5,4590.0,0.0,2025-03-31 09:05:00
Db20250331090500,мебель_137,мебель,7,520.0,0.5,2025-03-31 09:05:00
Db20250331090500,кух_принадлежность_215,кухонные принадлежности,1,1430.0,0.0,2025-03-31 09:05:00
Db20250331090500,текстиль_230,текстиль,6,4000.0,10.0,2025-03-31 09:05:00
Db20250331090500,свет_92,освещение,3,3440.0,2.5,2025-03-31 09:05:00
Db20250331090600,посуда_39,посуда,2,500.0,0.0,2025-03-31 09:06:00
Db20250331090600,посуда_130,посуда,2,780.0,1.0,2025-03-31 09:06:00
Db20250331091100,хоз_товар_38,хозяйственные товары,1,23970.0,0.5,2025-03-31 09:11:00
Db20250331091500,посуда_63,посуда,4,1200.0,0.5,2025-03-31 09:15:00
Db20250331091500,мебель_444,мебель,1,2280.0,0.5,2025-03-31 09:15:00
Db20250331091500,мебель_152,мебель,1,300.0,0.5,2025-03-31 09:15:00
Db20250331091500,текстиль_217,текстиль,2,2230.0,0.0,2025-03-31 09:15:00
Db20250331091500,кух_принадлежность_400,кухонные принадлежности,2,310.0,0.5,2025-03-31 09:15:00
Db20250331091700,дом_интерьер_74,домашний интерьер,2,810.0,0.0,2025-03-31 09:17:00
Db20250331091700,текстиль_75,текстиль,1,1060.0,0.5,2025-03-31 09:17:00
Db20250331091700,дом_интерьер_26,домашний интерьер,5,190.0,0.0,2025-03-31 09:17:00
Db20250331091700,посуда_9,посуда,4,900.0,0.0,2025-03-31 09:17:00
Db20250331092100,посуда_138,посуда,1,1630.0,0.5,2025-03-31 09:21:00
Db20250331092100,кух_принадлежность_57,кухонные принадлежности,1,5360.0,0.0,2025-03-31 09:21:00
Db20250331092400,мебель_9,мебель,1,1380.0,0.0,2025-03-31 09:24:00
Db20250331092400,быт_химия_13,бытовая химия,1,10300.0,0.0,2025-03-31 09:24:00
Db20250331092400,кух_принадлежность_142,кухонные принадлежности,2,730.0,0.5,2025-03-31 09:24:00
Db20250331092700,текстиль_74,текстиль,1,2890.0,0.0,2025-03-31 09:27:00
Db20250331093400,мебель_383,мебель,1,720.0,0.0,2025-03-31 09:34:00
Db20250331093400,посуда_2,посуда,2,1640.0,0.0,2025-03-31 09:34:00
Db20250331093400,мебель_169,мебель,1,520.0,0.0,2025-03-31 09:34:00
Db20250331093400,мебель_317,мебель,2,1220.0,1.0,2025-03-31 09:34:00
Db20250331093400,мебель_159,мебель,1,820.0,0.5,2025-03-31 09:34:00
Db20250331093400,текстиль_284,текстиль,1,2480.0,0.0,2025-03-31 09:34:00
Db20250331093400,кух_принадлежность_156,кухонные принадлежности,1,260.0,1.0,2025-03-31 09:34:00
Db20250331093600,свет_37,освещение,2,2920.0,0.5,2025-03-31 09:36:00
Db20250331093600,посуда_161,посуда,3,2970.0,0.0,2025-03-31 09:36:00
Db20250331093600,посуда_45,посуда,2,19780.0,0.0,2025-03-31 09:36:00
Db20250331093600,посуда_185,посуда,4,940.0,0.0,2025-03-31 09:36:00
Db20250331093600,текстиль_164,текстиль,2,7170.0,2.5,2025-03-31 09:36:00
Db20250331093600,кух_принадлежность_79,кухонные принадлежности,6,270.0,0.5,2025-03-31 09:36:00
Db20250331093600,дом_интерьер_75,домашний интерьер,1,3400.0,0.5,2025-03-31 09:36:00
Db20250331093600,быт_химия_24,бытовая химия,1,5310.0,0.0,2025-03-31 09:36:00
Db20250331093600,мебель_27,мебель,2,230.0,0.0,2025-03-31 09:36:00
Db20250331093600,кух_принадлежность_187,кухонные принадлежности,6,1450.0,1.0,2025-03-31 09:36:00
Db20250331093600,мебель_256,мебель,1,10400.0,0.5,2025-03-31 09:36:00
Db20250331093600,свет_58,освещение,1,860.0,0.5,2025-03-31 09:36:00
Db20250331093600,текстиль_229,текстиль,2,1300.0,1.0,2025-03-31 09:36:00
Db20250331093700,посуда_133,посуда,1,2980.0,0.0,2025-03-31 09:37:00
Db20250331093700,хоз_товар_147,хозяйственные товары,2,4500.0,0.5,2025-03-31 09:37:00
Db20250331093700,текстиль_3,текстиль,1,2520.0,1.0,2025-03-31 09:37:00
Db20250331093700,кух_принадлежность_86,кухонные принадлежности,5,2060.0,1.0,2025-03-31 09:37:00
Db20250331093900,кух_принадлежность_259,кухонные принадлежности,4,3220.0,0.0,2025-03-31 09:39:00
Db20250331094000,хоз_товар_38,хозяйственные товары,1,23970.0,0.5,2025-03-31 09:40:00
Db20250331094000,быт_химия_41,бытовая химия,1,5420.0,0.0,2025-03-31 09:40:00
Db20250331094300,свет_28,освещение,1,3010.0,0.0,2025-03-31 09:43:00
Db20250331094700,мебель_261,мебель,4,1020.0,1.0,2025-03-31 09:47:00
Db20250331094700,дом_интерьер_57,домашний интерьер,1,2000.0,0.0,2025-03-31 09:47:00
Db20250331095000,посуда_47,посуда,1,1620.0,0.5,2025-03-31 09:50:00
Db20250331095000,мебель_289,мебель,1,2180.0,0.0,2025-03-31 09:50:00
Db20250331095000,кух_принадлежность_35,кухонные принадлежности,1,1670.0,0.5,2025-03-31 09:50:00
Db20250331095000,текстиль_294,текстиль,4,200.0,0.0,2025-03-31 09:50:00
Db20250331095000,текстиль_10,текстиль,1,1030.0,0.5,2025-03-31 09:50:00
Db20250331095200,мебель_293,мебель,2,1580.0,2.5,2025-03-31 09:52:00
Db20250331095200,текстиль_95,текстиль,2,1370.0,0.0,2025-03-31 09:52:00
Db20250331095200,посуда_177,посуда,1,2040.0,0.5,2025-03-31 09:52:00
Db20250331095200,мебель_142,мебель,3,6160.0,0.5,2025-03-31 09:52:00
Db20250331095500,мебель_5,мебель,1,2060.0,0.0,2025-03-31 09:55:00
Db20250331095900,кух_принадлежность_70,кухонные принадлежности,3,1820.0,1.0,2025-03-31 09:59:00
Db20250331100000,текстиль_85,текстиль,1,1420.0,0.0,2025-03-31 10:00:00
Db20250331100000,текстиль_202,текстиль,2,1630.0,0.0,2025-03-31 10:00:00
Db20250331100000,хоз_товар_55,хозяйственные товары,3,630.0,2.5,2025-03-31 10:00:00
Db20250331100200,дом_интерьер_74,домашний интерьер,3,810.0,0.0,2025-03-31 10:02:00
Db20250331100200,хоз_товар_40,хозяйственные товары,4,550.0,0.5,2025-03-31 10:02:00
Db20250331100200,текстиль_268,текстиль,2,1120.0,1.0,2025-03-31 10:02:00
Db20250331100200,кух_принадлежность_49,кухонные принадлежности,1,670.0,0.0,2025-03-31 10:02:00
Db20250331100700,текстиль_27,текстиль,2,950.0,1.0,2025-03-31 10:07:00
Db20250331100700,хоз_товар_8,хозяйственные товары,1,2580.0,2.5,2025-03-31 10:07:00
Db20250331100700,кух_принадлежность_317,кухонные принадлежности,1,1220.0,2.5,2025-03-31 10:07:00
Db20250331100800,текстиль_161,текстиль,2,400.0,0.0,2025-03-31 10:08:00
Db20250331101400,мебель_167,мебель,3,2670.0,0.0,2025-03-31 10:14:00
Db20250331101400,мебель_73,мебель,6,1040.0,0.5,2025-03-31 10:14:00
Db20250331101500,хоз_товар_79,хозяйственные товары,1,3110.0,0.0,2025-03-31 10:15:00
Db20250331101600,хоз_товар_90,хозяйственные товары,4,1290.0,2.5,2025-03-31 10:16:00
Db20250331101600,кух_принадлежность_233,кухонные принадлежности,1,9330.0,1.0,2025-03-31 10:16:00
Db20250331101800,кух_принадлежность_257,кухонные принадлежности,1,300.0,0.0,2025-03-31 10:18:00
Db20250331101800,посуда_32,посуда,4,3650.0,0.0,2025-03-31 10:18:00
Db20250331101800,мебель_345,мебель,3,10740.0,0.0,2025-03-31 10:18:00
Db20250331102000,мебель_284,мебель,1,1040.0,2.5,2025-03-31 10:20:00
Db20250331103700,свет_32,освещение,5,1990.0,0.5,2025-03-31 10:37:00
Db20250331103700,хоз_товар_125,хозяйственные товары,1,2460.0,0.5,2025-03-31 10:37:00
Db20250331103700,мебель_307,мебель,2,2490.0,0.5,2025-03-31 10:37:00
Db20250331104600,мебель_171,мебель,1,1220.0,0.5,2025-03-31 10:46:00
Db20250331104600,кух_принадлежность_167,кухонные принадлежности,5,940.0,1.0,2025-03-31 10:46:00
Db20250331104600,кух_принадлежность_344,кухонные принадлежности,7,1320.0,0.0,2025-03-31 10:46:00
Db20250331104600,хоз_товар_36,хозяйственные товары,8,870.0,0.0,2025-03-31 10:46:00
Db20250331104600,мебель_318,мебель,2,5220.0,0.5,2025-03-31 10:46:00
Db20250331104600,хоз_товар_61,хозяйственные товары,1,1890.0,0.0,2025-03-31 10:46:00
Db20250331104600,мебель_113,мебель,2,680.0,0.0,2025-03-31 10:46:00
Db20250331104600,дом_интерьер_92,домашний интерьер,1,1120.0,0.0,2025-03-31 10:46:00
Db20250331104600,текстиль_115,текстиль,1,820.0,0.0,2025-03-31 10:46:00
Db20250331104600,мебель_464,мебель,1,2190.0,0.0,2025-03-31 10:46:00
Db20250331104900,кух_принадлежность_227,кухонные принадлежности,1,1750.0,0.5,2025-03-31 10:49:00
Db20250331104900,свет_38,освещение,1,4650.0,0.0,2025-03-31 10:49:00
Db20250331104900,мебель_114,мебель,1,880.0,0.0,2025-03-31 10:49:00
Db20250331104900,кух_принадлежность_103,кухонные принадлежности,1,490.0,0.5,2025-03-31 10:49:00
Db20250331105000,хоз_товар_45,хозяйственные товары,2,1650.0,0.5,2025-03-31 10:50:00
Db20250331105000,быт_химия_25,бытовая химия,1,2090.0,0.5,2025-03-31 10:50:00
Db20250331105000,кух_принадлежность_194,кухонные принадлежности,2,890.0,0.5,2025-03-31 10:50:00
Db20250331105600,кух_принадлежность_293,кухонные принадлежности,1,1290.0,0.0,2025-03-31 10:56:00
Db20250331105600,мебель_87,мебель,2,3570.0,1.0,2025-03-31 10:56:00
Db20250331105900,кух_принадлежность_72,кухонные принадлежности,5,8310.0,0.5,2025-03-31 10:59:00
Db20250331105900,кух_принадлежность_120,кухонные принадлежности,1,790.0,2.5,2025-03-31 10:59:00
Db20250331105900,свет_71,освещение,5,2790.0,0.0,2025-03-31 10:59:00
Db20250331110400,кух_принадлежность_322,кухонные принадлежности,1,610.0,0.5,2025-03-31 11:04:00
Db20250331110400,мебель_297,мебель,2,570.0,2.5,2025-03-31 11:04:00
Db20250331111400,мебель_371,мебель,1,1380.0,0.5,2025-03-31 11:14:00
Db20250331111400,мебель_259,мебель,1,1940.0,0.5,2025-03-31 11:14:00
Db20250331111600,кух_принадлежность_368,кухонные принадлежности,1,11150.0,0.0,2025-03-31 11:16:00
Db20250331111700,кух_принадлежность_313,кухонные принадлежности,4,510.0,0.5,2025-03-31 11:17:00
Db20250331111700,текстиль_200,текстиль,1,1400.0,0.0,2025-03-31 11:17:00
Db20250331111700,мебель_122,мебель,1,2190.0,0.0,2025-03-31 11:17:00
Db20250331111700,кух_принадлежность_196,кухонные принадлежности,1,640.0,0.0,2025-03-31 11:17:00
Db20250331112000,кух_принадлежность_269,кухонные принадлежности,1,1390.0,0.0,2025-03-31 11:20:00
Db20250331112000,быт_химия_3,бытовая химия,2,2680.0,0.5,2025-03-31 11:20:00
Db20250331112200,мебель_146,мебель,1,3390.0,0.0,2025-03-31 11:22:00
Db20250331112300,мебель_356,мебель,2,14060.0,1.0,2025-03-31 11:23:00
Db20250331112300,мебель_334,мебель,3,2050.0,0.0,2025-03-31 11:23:00
Db20250331112300,кух_принадлежность_101,кухонные принадлежности,1,3950.0,2.5,2025-03-31 11:23:00
Db20250331112400,дом_интерьер_0,домашний интерьер,1,410.0,0.0,2025-03-31 11:24:00
Db20250331112600,хоз_товар_125,хозяйственные товары,1,2460.0,0.5,2025-03-31 11:26:00
Db20250331112600,кух_принадлежность_283,кухонные принадлежности,3,790.0,0.5,2025-03-31 11:26:00
Db20250331112600,посуда_88,посуда,2,1260.0,0.5,2025-03-31 11:26:00
Db20250331112600,свет_129,освещение,1,1580.0,0.0,2025-03-31 11:26:00
Db20250331112600,свет_28,освещение,1,3010.0,0.0,2025-03-31 11:26:00
Db20250331113500,мебель_38,мебель,4,1220.0,0.5,2025-03-31 11:35:00
Db20250331113500,быт_химия_44,бытовая химия,2,1040.0,0.0,2025-03-31 11:35:00
Db20250331113500,кух_принадлежность_385,кухонные принадлежности,1,1080.0,0.0,2025-03-31 11:35:00
Db20250331113500,хоз_товар_86,хозяйственные товары,2,1200.0,0.0,2025-03-31 11:35:00
Db20250331113500,свет_134,освещение,1,2320.0,0.5,2025-03-31 11:35:00
Db20250331113500,мебель_107,мебель,13,560.0,0.5,2025-03-31 11:35:00
Db20250331113500,мебель_113,мебель,2,680.0,0.0,2025-03-31 11:35:00
Db20250331113500,быт_химия_66,бытовая химия,4,1150.0,0.0,2025-03-31 11:35:00
Db20250331113500,посуда_165,посуда,6,5190.0,2.5,2025-03-31 11:35:00
Db20250331113500,мебель_448,мебель,1,1340.0,0.0,2025-03-31 11:35:00
Db20250331113500,мебель_216,мебель,4,4280.0,0.5,2025-03-31 11:35:00
Db20250331113500,мебель_407,мебель,1,11660.0,0.0,2025-03-31 11:35:00
Db20250331113500,посуда_44,посуда,1,10920.0,0.0,2025-03-31 11:35:00
Db20250331113500,текстиль_294,текстиль,1,200.0,0.0,2025-03-31 11:35:00
Db20250331114100,мебель_433,мебель,2,8950.0,0.0,2025-03-31 11:41:00
Db20250331114100,свет_20,освещение,7,120.0,5.0,2025-03-31 11:41:00
Db20250331114100,свет_87,освещение,4,100.0,0.5,2025-03-31 11:41:00
Db20250331114100,кух_принадлежность_352,кухонные принадлежности,1,3060.0,0.0,2025-03-31 11:41:00
Db20250331114300,посуда_5,посуда,3,1590.0,0.5,2025-03-31 11:43:00
Db20250331114300,хоз_товар_9,хозяйственные товары,2,5630.0,0.0,2025-03-31 11:43:00
Db20250331114300,мебель_244,мебель,1,3380.0,0.5,2025-03-31 11:43:00
Db20250331114300,быт_химия_73,бытовая химия,1,2410.0,0.5,2025-03-31 11:43:00
Db20250331114300,кух_принадлежность_296,кухонные принадлежности,1,2920.0,0.0,2025-03-31 11:43:00
Db20250331114900,кух_принадлежность_151,кухонные принадлежности,3,630.0,0.5,2025-03-31 11:49:00
Db20250331114900,мебель_84,мебель,1,3850.0,0.0,2025-03-31 11:49:00
Db20250331115200,кух_принадлежность_347,кухонные принадлежности,2,1260.0,0.0,2025-03-31 11:52:00
Db20250331115200,текстиль_11,текстиль,1,2120.0,1.0,2025-03-31 11:52:00
Db20250331115200,текстиль_91,текстиль,1,1920.0,0.0,2025-03-31 11:52:00
Db20250331115300,быт_химия_64,бытовая химия,3,500.0,0.0,2025-03-31 11:53:00
Db20250331115300,посуда_187,посуда,3,5650.0,2.5,2025-03-31 11:53:00
Db20250331115300,хоз_товар_13,хозяйственные товары,2,850.0,0.0,2025-03-31 11:53:00
Db20250331115300,текстиль_87,текстиль,4,860.0,0.0,2025-03-31 11:53:00
Db20250331115400,кух_принадлежность_200,кухонные принадлежности,2,10510.0,0.5,2025-03-31 11:54:00
Db20250331115400,текстиль_72,текстиль,1,1540.0,0.0,2025-03-31 11:54:00
Db20250331115400,дом_интерьер_61,домашний интерьер,2,2200.0,1.0,2025-03-31 11:54:00
Db20250331120300,текстиль_124,текстиль,2,2000.0,0.0,2025-03-31 12:03:00
Db20250331120300,кух_принадлежность_296,кухонные принадлежности,1,2920.0,0.0,2025-03-31 12:03:00
Db20250331120300,текстиль_111,текстиль,4,4700.0,0.0,2025-03-31 12:03:00
Db20250331120300,посуда_109,посуда,4,860.0,0.0,2025-03-31 12:03:00
Db20250331120500,мебель_389,мебель,3,4510.0,0.5,2025-03-31 12:05:00
Db20250331120500,свет_145,освещение,5,1100.0,0.0,2025-03-31 12:05:00
Db20250331120800,кух_принадлежность_133,кухонные принадлежности,3,4020.0,1.0,2025-03-31 12:08:00
Db20250331121200,кух_принадлежность_107,кухонные принадлежности,6,830.0,1.0,2025-03-31 12:12:00
Db20250331121400,мебель_150,мебель,1,3890.0,0.5,2025-03-31 12:14:00
Db20250331121500,кух_принадлежность_26,кухонные принадлежности,1,840.0,2.5,2025-03-31 12:15:00
Db20250331121600,посуда_92,посуда,5,1850.0,0.5,2025-03-31 12:16:00
Db20250331121600,текстиль_266,текстиль,2,1370.0,0.5,2025-03-31 12:16:00
Db20250331121800,посуда_126,посуда,1,12820.0,0.0,2025-03-31 12:18:00
Db20250331121800,кух_принадлежность_145,кухонные принадлежности,1,1130.0,0.0,2025-03-31 12:18:00
Db20250331121900,свет_68,освещение,1,1030.0,0.0,2025-03-31 12:19:00
Db20250331121900,мебель_329,мебель,1,680.0,0.0,2025-03-31 12:19:00
Db20250331121900,мебель_25,мебель,5,2260.0,0.5,2025-03-31 12:19:00
Db20250331121900,текстиль_245,текстиль,3,1470.0,0.0,2025-03-31 12:19:00
Db20250331122200,кух_принадлежность_59,кухонные принадлежности,1,800.0,2.5,2025-03-31 12:22:00
Db20250331122200,кух_принадлежность_17,кухонные принадлежности,5,2020.0,0.5,2025-03-31 12:22:00
Db20250331122200,кух_принадлежность_83,кухонные принадлежности,1,1170.0,1.0,2025-03-31 12:22:00
Db20250331122200,текстиль_218,текстиль,1,740.0,0.5,2025-03-31 12:22:00
Db20250331122200,хоз_товар_120,хозяйственные товары,1,12430.0,0.0,2025-03-31 12:22:00
Db20250331122200,мебель_349,мебель,3,4470.0,0.5,2025-03-31 12:22:00
Db20250331122200,текстиль_108,текстиль,4,2460.0,0.0,2025-03-31 12:22:00
Db20250331122200,дом_интерьер_49,домашний интерьер,6,1080.0,0.0,2025-03-31 12:22:00
Db20250331122200,свет_51,освещение,2,2230.0,0.0,2025-03-31 12:22:00
Db20250331122200,посуда_33,посуда,2,3540.0,1.0,2025-03-31 12:22:00
Db20250331122200,хоз_товар_21,хозяйственные товары,5,4450.0,0.0,2025-03-31 12:22:00
Db20250331122200,посуда_59,посуда,4,2790.0,1.0,2025-03-31 12:22:00
Db20250331122200,мебель_89,мебель,1,1630.0,0.0,2025-03-31 12:22:00
Db20250331122200,хоз_товар_85,хозяйственные товары,3,370.0,0.5,2025-03-31 12:22:00
Db20250331122200,посуда_84,посуда,3,3500.0,0.5,2025-03-31 12:22:00
Db20250331122200,кух_принадлежность_151,кухонные принадлежности,1,630.0,0.5,2025-03-31 12:22:00
Db20250331122200,дом_интерьер_21,домашний интерьер,2,1280.0,0.5,2025-03-31 12:22:00
Db20250331122200,посуда_109,посуда,1,860.0,0.0,2025-03-31 12:22:00
Db20250331123200,текстиль_67,текстиль,2,100.0,0.0,2025-03-31 12:32:00
Db20250331123200,кух_принадлежность_25,кухонные принадлежности,1,1720.0,5.0,2025-03-31 12:32:00
Db20250331123300,мебель_149,мебель,2,7450.0,1.0,2025-03-31 12:33:00
Db20250331123600,посуда_12,посуда,3,1470.0,0.0,2025-03-31 12:36:00
Db20250331123600,текстиль_0,текстиль,1,1480.0,0.0,2025-03-31 12:36:00
Db20250331123900,быт_химия_70,бытовая химия,5,3120.0,0.0,2025-03-31 12:39:00
Db20250331123900,текстиль_261,текстиль,4,2000.0,2.5,2025-03-31 12:39:00
Db20250331123900,дом_интерьер_100,домашний интерьер,2,5070.0,0.0,2025-03-31 12:39:00
Db20250331123900,кух_принадлежность_183,кухонные принадлежности,1,3090.0,0.5,2025-03-31 12:39:00
Db20250331124000,мебель_134,мебель,1,280.0,1.0,2025-03-31 12:40:00
Db20250331124000,мебель_38,мебель,1,1220.0,0.5,2025-03-31 12:40:00
Db20250331124100,мебель_371,мебель,2,1380.0,0.5,2025-03-31 12:41:00
Db20250331124200,мебель_473,мебель,1,890.0,0.0,2025-03-31 12:42:00
Db20250331124200,дом_интерьер_20,домашний интерьер,5,2860.0,0.5,2025-03-31 12:42:00
Db20250331124200,мебель_281,мебель,2,2040.0,0.5,2025-03-31 12:42:00
Db20250331124200,мебель_483,мебель,10,2220.0,1.0,2025-03-31 12:42:00
Db20250331124200,свет_27,освещение,5,2230.0,1.0,2025-03-31 12:42:00
Db20250331124200,мебель_139,мебель,3,2090.0,0.0,2025-03-31 12:42:00
Db20250331124200,быт_химия_72,бытовая химия,1,610.0,5.0,2025-03-31 12:42:00
Db20250331124800,свет_84,освещение,1,7890.0,0.0,2025-03-31 12:48:00
Db20250331124800,текстиль_93,текстиль,2,2960.0,5.0,2025-03-31 12:48:00
Db20250331124800,посуда_11,посуда,1,1600.0,0.0,2025-03-31 12:48:00
Db20250331124800,мебель_424,мебель,1,1860.0,0.0,2025-03-31 12:48:00
Db20250331124800,кух_принадлежность_255,кухонные принадлежности,2,330.0,0.0,2025-03-31 12:48:00
Db20250331124800,посуда_120,посуда,1,520.0,1.0,2025-03-31 12:48:00
Db20250331124800,быт_химия_81,бытовая химия,3,1240.0,0.5,2025-03-31 12:48:00
Db20250331124800,посуда_53,посуда,3,1650.0,0.5,2025-03-31 12:48:00
Db20250331124800,кух_принадлежность_56,кухонные принадлежности,3,120.0,0.0,2025-03-31 12:48:00
Db20250331124800,посуда_95,посуда,1,3160.0,0.0,2025-03-31 12:48:00
Db20250331124800,быт_химия_55,бытовая химия,1,1020.0,0.0,2025-03-31 12:48:00
Db20250331125400,кух_принадлежность_273,кухонные принадлежности,1,500.0,0.0,2025-03-31 12:54:00
Db20250331130000,хоз_товар_126,хозяйственные товары,1,1000.0,0.5,2025-03-31 13:00:00
Db20250331130000,посуда_133,посуда,4,2980.0,0.0,2025-03-31 13:00:00
Db20250331130000,посуда_175,посуда,1,1030.0,0.0,2025-03-31 13:00:00
Db20250331130000,мебель_40,мебель,2,2930.0,0.0,2025-03-31 13:00:00
Db20250331130000,кух_принадлежность_242,кухонные принадлежности,3,3370.0,0.0,2025-03-31 13:00:00
Db20250331130200,посуда_130,посуда,5,780.0,1.0,2025-03-31 13:02:00
Db20250331130900,свет_105,освещение,3,260.0,0.0,2025-03-31 13:09:00
Db20250331130900,мебель_249,мебель,6,80.0,0.0,2025-03-31 13:09:00
Db20250331131200,свет_77,освещение,4,8670.0,1.0,2025-03-31 13:12:00
Db20250331131200,текстиль_102,текстиль,1,1540.0,0.0,2025-03-31 13:12:00
Db20250331131200,дом_интерьер_25,домашний интерьер,2,450.0,2.5,2025-03-31 13:12:00
Db20250331131200,свет_26,освещение,1,3490.0,0.0,2025-03-31 13:12:00
Db20250331131200,кух_принадлежность_334,кухонные принадлежности,2,1460.0,0.5,2025-03-31 13:12:00
Db20250331131400,посуда_58,посуда,4,9680.0,0.0,2025-03-31 13:14:00
Db20250331131400,хоз_товар_135,хозяйственные товары,5,1490.0,0.0,2025-03-31 13:14:00
Db20250331131400,хоз_товар_74,хозяйственные товары,3,1810.0,0.5,2025-03-31 13:14:00
Db20250331131400,мебель_182,мебель,4,360.0,0.0,2025-03-31 13:14:00
Db20250331131400,хоз_товар_30,хозяйственные товары,1,880.0,0.0,2025-03-31 13:14:00
Db20250331131400,текстиль_16,текстиль,2,2570.0,0.0,2025-03-31 13:14:00
Db20250331132700,текстиль_33,текстиль,2,3580.0,0.5,2025-03-31 13:27:00
Db20250331132700,хоз_товар_65,хозяйственные товары,4,4590.0,0.0,2025-03-31 13:27:00
Db20250331133100,кух_принадлежность_120,кухонные принадлежности,6,790.0,2.5,2025-03-31 13:31:00
Db20250331133200,быт_химия_94,бытовая химия,1,530.0,0.0,2025-03-31 13:32:00
Db20250331133200,кух_принадлежность_100,кухонные принадлежности,1,1130.0,0.0,2025-03-31 13:32:00
Db20250331133900,кух_принадлежность_355,кухонные принадлежности,2,2220.0,0.0,2025-03-31 13:39:00
Db20250331134000,текстиль_273,текстиль,2,660.0,0.0,2025-03-31 13:40:00
Db20250331134000,свет_150,освещение,1,1300.0,0.5,2025-03-31 13:40:00
Db20250331134100,посуда_84,посуда,3,3500.0,0.5,2025-03-31 13:41:00
Db20250331134500,хоз_товар_73,хозяйственные товары,5,260.0,0.0,2025-03-31 13:45:00
Db20250331134500,кух_принадлежность_310,кухонные принадлежности,2,1590.0,0.0,2025-03-31 13:45:00
Db20250331134500,мебель_95,мебель,3,4590.0,0.0,2025-03-31 13:45:00
Db20250331134500,хоз_товар_65,хозяйственные товары,1,4590.0,0.0,2025-03-31 13:45:00
Db20250331134500,мебель_202,мебель,2,1560.0,0.0,2025-03-31 13:45:00
Db20250331134500,хоз_товар_139,хозяйственные товары,9,620.0,0.5,2025-03-31 13:45:00
Db20250331134500,текстиль_176,текстиль,1,1550.0,0.0,2025-03-31 13:45:00
Db20250331134500,хоз_товар_5,хозяйственные товары,1,3300.0,0.0,2025-03-31 13:45:00
Db20250331135100,мебель_64,мебель,2,10110.0,0.0,2025-03-31 13:51:00
Db20250331135100,кух_принадлежность_96,кухонные принадлежности,3,160.0,5.0,2025-03-31 13:51:00
Db20250331135300,мебель_342,мебель,1,5430.0,0.0,2025-03-31 13:53:00
Db20250331135500,кух_принадлежность_158,кухонные принадлежности,1,2330.0,0.0,2025-03-31 13:55:00
Db20250331135500,текстиль_98,текстиль,1,1190.0,1.0,2025-03-31 13:55:00
Db20250331135500,мебель_196,мебель,2,360.0,1.0,2025-03-31 13:55:00
Db20250331135500,посуда_121,посуда,2,2040.0,0.5,2025-03-31 13:55:00
Db20250331135500,кух_принадлежность_343,кухонные принадлежности,1,430.0,0.5,2025-03-31 13:55:00
Db20250331135700,кух_принадлежность_379,кухонные принадлежности,2,1640.0,0.0,2025-03-31 13:57:00
Db20250331135700,мебель_242,мебель,2,6550.0,0.5,2025-03-31 13:57:00
Db20250331135900,мебель_80,мебель,4,2290.0,0.0,2025-03-31 13:59:00
Db20250331135900,мебель_121,мебель,1,2570.0,1.0,2025-03-31 13:59:00
Db20250331135900,кух_принадлежность_166,кухонные принадлежности,1,910.0,0.0,2025-03-31 13:59:00
Db20250331140400,кух_принадлежность_226,кухонные принадлежности,1,1010.0,0.0,2025-03-31 14:04:00
Db20250331140400,кух_принадлежность_1,кухонные принадлежности,2,2140.0,0.0,2025-03-31 14:04:00
Db20250331140400,мебель_56,мебель,2,1090.0,0.5,2025-03-31 14:04:00
Db20250331140400,мебель_308,мебель,4,2890.0,0.5,2025-03-31 14:04:00
Db20250331140400,кух_принадлежность_253,кухонные принадлежности,2,1430.0,0.0,2025-03-31 14:04:00
Db20250331141100,свет_58,освещение,3,860.0,0.5,2025-03-31 14:11:00
Db20250331141200,мебель_190,мебель,5,2700.0,0.0,2025-03-31 14:12:00
Db20250331141200,кух_принадлежность_365,кухонные принадлежности,4,440.0,0.5,2025-03-31 14:12:00
Db20250331141300,кух_принадлежность_21,кухонные принадлежности,1,770.0,0.0,2025-03-31 14:13:00
Db20250331141300,мебель_232,мебель,3,1920.0,5.0,2025-03-31 14:13:00
Db20250331141300,кух_принадлежность_353,кухонные принадлежности,4,1980.0,0.0,2025-03-31 14:13:00
Db20250331141300,посуда_154,посуда,3,4740.0,0.0,2025-03-31 14:13:00
Db20250331141300,быт_химия_90,бытовая химия,1,2090.0,0.0,2025-03-31 14:13:00
Db20250331141300,кух_принадлежность_216,кухонные принадлежности,2,2390.0,0.5,2025-03-31 14:13:00
Db20250331141300,свет_44,освещение,1,2270.0,2.5,2025-03-31 14:13:00
Db20250331141300,кух_принадлежность_238,кухонные принадлежности,1,2200.0,0.0,2025-03-31 14:13:00
Db20250331141500,дом_интерьер_1,домашний интерьер,6,1640.0,1.0,2025-03-31 14:15:00
Db20250331141500,мебель_96,мебель,1,260.0,0.0,2025-03-31 14:15:00
Db20250331141800,мебель_412,мебель,3,300.0,0.5,2025-03-31 14:18:00
Db20250331141800,текстиль_113,текстиль,1,910.0,0.5,2025-03-31 14:18:00
Db20250331141900,свет_2,освещение,1,5930.0,0.0,2025-03-31 14:19:00
Db20250331141900,дом_интерьер_45,домашний интерьер,2,2780.0,0.5,2025-03-31 14:19:00
Db20250331141900,текстиль_280,текстиль,4,1190.0,0.5,2025-03-31 14:19:00
Db20250331141900,кух_принадлежность_395,кухонные принадлежности,3,1140.0,0.0,2025-03-31 14:19:00
Db20250331141900,быт_химия_27,бытовая химия,2,380.0,0.5,2025-03-31 14:19:00
Db20250331142100,текстиль_0,текстиль,4,1480.0,0.0,2025-03-31 14:21:00
Db20250331142200,мебель_135,мебель,1,1440.0,0.0,2025-03-31 14:22:00
Db20250331142200,кух_принадлежность_46,кухонные принадлежности,1,1570.0,1.0,2025-03-31 14:22:00
Db20250331142200,мебель_494,мебель,5,540.0,0.0,2025-03-31 14:22:00
Db20250331142700,кух_принадлежность_28,кухонные принадлежности,3,650.0,0.0,2025-03-31 14:27:00
Db20250331142700,мебель_252,мебель,5,690.0,0.0,2025-03-31 14:27:00
Db20250331142700,кух_принадлежность_130,кухонные принадлежности,2,2080.0,1.0,2025-03-31 14:27:00
Db20250331142700,кух_принадлежность_314,кухонные принадлежности,2,1130.0,0.0,2025-03-31 14:27:00
Db20250331142700,свет_3,освещение,2,660.0,0.0,2025-03-31 14:27:00
Db20250331142700,свет_89,освещение,1,380.0,0.0,2025-03-31 14:27:00
Db20250331142700,быт_химия_34,бытовая химия,1,1710.0,0.0,2025-03-31 14:27:00
Db20250331143400,посуда_106,посуда,1,840.0,0.0,2025-03-31 14:34:00
Db20250331143400,посуда_31,посуда,3,290.0,0.0,2025-03-31 14:34:00
Db20250331143400,посуда_125,посуда,1,490.0,0.0,2025-03-31 14:34:00
Db20250331143600,кух_принадлежность_104,кухонные принадлежности,1,940.0,0.0,2025-03-31 14:36:00
Db20250331143800,кух_принадлежность_53,кухонные принадлежности,1,790.0,0.0,2025-03-31 14:38:00
Db20250331143800,хоз_товар_64,хозяйственные товары,6,3160.0,0.0,2025-03-31 14:38:00
Db20250331143800,кух_принадлежность_211,кухонные принадлежности,1,570.0,0.5,2025-03-31 14:38:00
Db20250331143800,кух_принадлежность_298,кухонные принадлежности,1,670.0,0.5,2025-03-31 14:38:00
Db20250331143800,текстиль_167,текстиль,2,940.0,0.0,2025-03-31 14:38:00
Db20250331143800,кух_принадлежность_289,кухонные принадлежности,3,1700.0,0.0,2025-03-31 14:38:00
Db20250331145600,кух_принадлежность_89,кухонные принадлежности,1,4310.0,0.0,2025-03-31 14:56:00
Db20250331145600,кух_принадлежность_105,кухонные принадлежности,4,4140.0,2.5,2025-03-31 14:56:00
Db20250331145600,мебель_228,мебель,7,4490.0,0.0,2025-03-31 14:56:00
Db20250331145700,кух_принадлежность_34,кухонные принадлежности,9,450.0,0.0,2025-03-31 14:57:00
Db20250331145700,текстиль_134,текстиль,2,1130.0,0.5,2025-03-31 14:57:00
Db20250331145700,дом_интерьер_74,домашний интерьер,3,810.0,0.0,2025-03-31 14:57:00
Db20250331145700,мебель_459,мебель,3,3070.0,1.0,2025-03-31 14:57:00
Db20250331145700,текстиль_13,текстиль,2,5650.0,0.0,2025-03-31 14:57:00
Db20250331145700,кух_принадлежность_318,кухонные принадлежности,3,1650.0,0.0,2025-03-31 14:57:00
Db20250331145700,посуда_24,посуда,5,1660.0,0.5,2025-03-31 14:57:00
Db20250331150000,хоз_товар_41,хозяйственные товары,3,600.0,0.0,2025-03-31 15:00:00
Db20250331150000,текстиль_249,текстиль,2,3260.0,0.0,2025-03-31 15:00:00
Db20250331150000,мебель_121,мебель,1,2570.0,1.0,2025-03-31 15:00:00
Db20250331150300,мебель_161,мебель,1,1080.0,0.5,2025-03-31 15:03:00
Db20250331150800,хоз_товар_90,хозяйственные товары,1,1290.0,2.5,2025-03-31 15:08:00
Db20250331150800,свет_42,освещение,7,2330.0,1.0,2025-03-31 15:08:00
Db20250331150800,мебель_407,мебель,2,11660.0,0.0,2025-03-31 15:08:00
Db20250331150900,кух_принадлежность_100,кухонные принадлежности,1,1130.0,0.0,2025-03-31 15:09:00
Db20250331151000,свет_5,освещение,3,4110.0,0.0,2025-03-31 15:10:00
Db20250331151000,кух_принадлежность_28,кухонные принадлежности,4,650.0,0.0,2025-03-31 15:10:00
Db20250331151000,мебель_88,мебель,1,1570.0,0.0,2025-03-31 15:10:00
Db20250331151000,свет_141,освещение,3,1410.0,0.0,2025-03-31 15:10:00
Db20250331151200,мебель_122,мебель,2,2190.0,0.0,2025-03-31 15:12:00
Db20250331151500,кух_принадлежность_78,кухонные принадлежности,3,1490.0,0.0,2025-03-31 15:15:00
Db20250331151500,текстиль_6,текстиль,3,120.0,0.5,2025-03-31 15:15:00
Db20250331151500,посуда_74,посуда,3,5510.0,0.0,2025-03-31 15:15:00
Db20250331151500,кух_принадлежность_63,кухонные принадлежности,1,440.0,1.0,2025-03-31 15:15:00
Db20250331151500,свет_48,освещение,2,1620.0,0.5,2025-03-31 15:15:00
Db20250331151500,текстиль_237,текстиль,2,6340.0,0.5,2025-03-31 15:15:00
Db20250331151600,свет_113,освещение,2,2750.0,1.0,2025-03-31 15:16:00
Db20250331151600,мебель_84,мебель,3,3850.0,0.0,2025-03-31 15:16:00
Db20250331151600,мебель_50,мебель,1,1590.0,0.0,2025-03-31 15:16:00
Db20250331151600,посуда_157,посуда,4,2370.0,0.0,2025-03-31 15:16:00
Db20250331152200,быт_химия_11,бытовая химия,3,320.0,0.0,2025-03-31 15:22:00
Db20250331152200,кух_принадлежность_179,кухонные принадлежности,7,390.0,0.0,2025-03-31 15:22:00
Db20250331152800,кух_принадлежность_207,кухонные принадлежности,1,390.0,1.0,2025-03-31 15:28:00
Db20250331153200,текстиль_97,текстиль,1,3140.0,0.5,2025-03-31 15:32:00
Db20250331153200,текстиль_152,текстиль,1,670.0,0.5,2025-03-31 15:32:00
Db20250331153400,кух_принадлежность_78,кухонные принадлежности,2,1490.0,0.0,2025-03-31 15:34:00
Db20250331154200,мебель_252,мебель,2,690.0,0.0,2025-03-31 15:42:00
Db20250331154200,мебель_64,мебель,12,10110.0,0.0,2025-03-31 15:42:00
Db20250331154200,свет_62,освещение,1,1540.0,0.5,2025-03-31 15:42:00
Db20250331154500,кух_принадлежность_159,кухонные принадлежности,7,2010.0,0.0,2025-03-31 15:45:00
Db20250331154500,кух_принадлежность_17,кухонные принадлежности,4,2020.0,0.5,2025-03-31 15:45:00
Db20250331154500,свет_92,освещение,1,3440.0,2.5,2025-03-31 15:45:00
Db20250331154500,текстиль_211,текстиль,6,970.0,0.5,2025-03-31 15:45:00
Db20250331155000,свет_82,освещение,1,900.0,1.0,2025-03-31 15:50:00
Db20250331155400,мебель_228,мебель,1,4490.0,0.0,2025-03-31 15:54:00
Db20250331155700,кух_принадлежность_330,кухонные принадлежности,6,190.0,5.0,2025-03-31 15:57:00
Db20250331155700,кух_принадлежность_250,кухонные принадлежности,4,560.0,0.0,2025-03-31 15:57:00
Db20250331160200,кух_принадлежность_44,кухонные принадлежности,1,690.0,0.5,2025-03-31 16:02:00
Db20250331160300,хоз_товар_109,хозяйственные товары,1,2840.0,0.0,2025-03-31 16:03:00
Db20250331160600,текстиль_103,текстиль,2,2210.0,0.0,2025-03-31 16:06:00
Db20250331161400,свет_122,освещение,2,1130.0,0.5,2025-03-31 16:14:00
Db20250331161400,кух_принадлежность_51,кухонные принадлежности,1,2270.0,0.0,2025-03-31 16:14:00
Db20250331162200,хоз_товар_140,хозяйственные товары,1,2760.0,2.5,2025-03-31 16:22:00
Db20250331162200,быт_химия_28,бытовая химия,4,210.0,10.0,2025-03-31 16:22:00
Db20250331162400,мебель_484,мебель,3,2370.0,0.5,2025-03-31 16:24:00
Db20250331162400,мебель_360,мебель,5,560.0,0.0,2025-03-31 16:24:00
Db20250331162500,мебель_419,мебель,5,1320.0,0.5,2025-03-31 16:25:00
Db20250331162500,текстиль_284,текстиль,12,2480.0,0.0,2025-03-31 16:25:00
Db20250331162500,дом_интерьер_9,домашний интерьер,1,2340.0,0.5,2025-03-31 16:25:00
Db20250331162500,текстиль_188,текстиль,3,370.0,0.5,2025-03-31 16:25:00
Db20250331162800,посуда_99,посуда,1,3760.0,0.0,2025-03-31 16:28:00
Db20250331162800,текстиль_175,текстиль,3,7560.0,0.0,2025-03-31 16:28:00
Db20250331162800,мебель_126,мебель,2,4490.0,1.0,2025-03-31 16:28:00
Db20250331162800,текстиль_170,текстиль,1,1100.0,0.5,2025-03-31 16:28:00
Db20250331162800,кух_принадлежность_383,кухонные принадлежности,6,1570.0,0.0,2025-03-31 16:28:00
Db20250331162800,дом_интерьер_11,домашний интерьер,6,5090.0,0.0,2025-03-31 16:28:00
Db20250331162900,текстиль_211,текстиль,2,970.0,0.5,2025-03-31 16:29:00
Db20250331162900,кух_принадлежность_130,кухонные принадлежности,3,2080.0,1.0,2025-03-31 16:29:00
Db20250331162900,мебель_25,мебель,1,2260.0,0.5,2025-03-31 16:29:00
Db20250331163100,мебель_475,мебель,1,430.0,0.0,2025-03-31 16:31:00
Db20250331163100,мебель_247,мебель,3,690.0,0.0,2025-03-31 16:31:00
Db20250331163200,свет_44,освещение,3,2270.0,2.5,2025-03-31 16:32:00
Db20250331163300,кух_принадлежность_296,кухонные принадлежности,4,2920.0,0.0,2025-03-31 16:33:00
Db20250331163800,текстиль_140,текстиль,2,6900.0,1.0,2025-03-31 16:38:00
Db20250331164100,посуда_89,посуда,2,3580.0,0.5,2025-03-31 16:41:00
Db20250331164900,быт_химия_71,бытовая химия,2,1250.0,0.5,2025-03-31 16:49:00
Db20250331164900,текстиль_288,текстиль,3,5430.0,0.0,2025-03-31 16:49:00
Db20250331164900,мебель_319,мебель,1,1990.0,0.5,2025-03-31 16:49:00
Db20250331164900,хоз_товар_39,хозяйственные товары,4,730.0,0.0,2025-03-31 16:49:00
Db20250331164900,текстиль_80,текстиль,1,1450.0,0.0,2025-03-31 16:49:00
Db20250331165100,кух_принадлежность_309,кухонные принадлежности,4,770.0,0.0,2025-03-31 16:51:00
Db20250331165300,текстиль_242,текстиль,4,3410.0,1.0,2025-03-31 16:53:00
Db20250331165300,посуда_149,посуда,6,980.0,0.0,2025-03-31 16:53:00
Db20250331170100,мебель_76,мебель,3,1510.0,0.5,2025-03-31 17:01:00
Db20250331170100,кух_принадлежность_120,кухонные принадлежности,4,790.0,2.5,2025-03-31 17:01:00
Db20250331170200,мебель_0,мебель,2,3040.0,0.0,2025-03-31 17:02:00
Db20250331170600,хоз_товар_55,хозяйственные товары,1,630.0,2.5,2025-03-31 17:06:00
Db20250331171200,мебель_167,мебель,1,2670.0,0.0,2025-03-31 17:12:00
Db20250331171200,дом_интерьер_75,домашний интерьер,2,3400.0,0.5,2025-03-31 17:12:00
Db20250331171200,кух_принадлежность_368,кухонные принадлежности,3,11150.0,0.0,2025-03-31 17:12:00
Db20250331171200,текстиль_265,текстиль,1,5760.0,1.0,2025-03-31 17:12:00
Db20250331171200,посуда_135,посуда,2,1480.0,10.0,2025-03-31 17:12:00
Db20250331171200,мебель_414,мебель,2,1470.0,0.5,2025-03-31 17:12:00
Db20250331171200,хоз_товар_26,хозяйственные товары,3,1830.0,0.0,2025-03-31 17:12:00
Db20250331171200,текстиль_276,текстиль,2,5720.0,0.5,2025-03-31 17:12:00
Db20250331171900,кух_принадлежность_225,кухонные принадлежности,2,2690.0,0.0,2025-03-31 17:19:00
Db20250331172100,свет_100,освещение,4,7210.0,0.5,2025-03-31 17:21:00
Db20250331172100,посуда_15,посуда,2,1550.0,0.0,2025-03-31 17:21:00
Db20250331172100,кух_принадлежность_299,кухонные принадлежности,2,1260.0,0.0,2025-03-31 17:21:00
Db20250331172300,хоз_товар_85,хозяйственные товары,1,370.0,0.5,2025-03-31 17:23:00
Db20250331172300,мебель_8,мебель,1,1230.0,0.0,2025-03-31 17:23:00
Db20250331172300,дом_интерьер_98,домашний интерьер,2,1900.0,1.0,2025-03-31 17:23:00
Db20250331173000,мебель_323,мебель,2,840.0,0.5,2025-03-31 17:30:00
Db20250331173100,кух_принадлежность_59,кухонные принадлежности,2,800.0,2.5,2025-03-31 17:31:00
Db20250331173100,посуда_166,посуда,2,8240.0,2.5,2025-03-31 17:31:00
Db20250331173100,кух_принадлежность_73,кухонные принадлежности,1,1360.0,0.0,2025-03-31 17:31:00
Db20250331173400,кух_принадлежность_43,кухонные принадлежности,4,1550.0,0.0,2025-03-31 17:34:00
Db20250331173400,мебель_385,мебель,4,9700.0,0.0,2025-03-31 17:34:00
Db20250331173500,хоз_товар_149,хозяйственные товары,3,1380.0,0.0,2025-03-31 17:35:00
Db20250331173500,мебель_35,мебель,5,1400.0,0.0,2025-03-31 17:35:00
Db20250331173500,мебель_166,мебель,1,2150.0,0.0,2025-03-31 17:35:00
Db20250331173500,кух_принадлежность_303,кухонные принадлежности,1,100.0,0.0,2025-03-31 17:35:00
Db20250331173800,посуда_10,посуда,13,2090.0,0.0,2025-03-31 17:38:00
Db20250331173800,мебель_4,мебель,1,300.0,0.5,2025-03-31 17:38:00
Db20250331173900,текстиль_193,текстиль,3,330.0,0.0,2025-03-31 17:39:00
Db20250331173900,быт_химия_32,бытовая химия,2,4460.0,0.5,2025-03-31 17:39:00
Db20250331174100,посуда_140,посуда,1,1010.0,1.0,2025-03-31 17:41:00
Db20250331174100,кух_принадлежность_99,кухонные принадлежности,1,2060.0,1.0,2025-03-31 17:41:00
Db20250331174200,мебель_464,мебель,2,2190.0,0.0,2025-03-31 17:42:00
Db20250331174300,хоз_товар_6,хозяйственные товары,1,350.0,0.5,2025-03-31 17:43:00
Db20250331174500,хоз_товар_22,хозяйственные товары,1,960.0,0.0,2025-03-31 17:45:00
Db20250331175300,свет_32,освещение,1,1990.0,0.5,2025-03-31 17:53:00
Db20250331175300,свет_102,освещение,6,1420.0,0.5,2025-03-31 17:53:00
Db20250331175600,текстиль_279,текстиль,4,1320.0,0.0,2025-03-31 17:56:00
Db20250331175600,мебель_237,мебель,1,2480.0,0.5,2025-03-31 17:56:00
Db20250331175600,хоз_товар_87,хозяйственные товары,3,1470.0,0.5,2025-03-31 17:56:00
Db20250331175600,хоз_товар_62,хозяйственные товары,1,1720.0,1.0,2025-03-31 17:56:00
Db20250331175800,свет_65,освещение,1,580.0,0.5,2025-03-31 17:58:00
Db20250331175900,быт_химия_71,бытовая химия,3,1250.0,0.5,2025-03-31 17:59:00
Db20250331175900,мебель_201,мебель,2,1590.0,0.0,2025-03-31 17:59:00
Db20250331180300,текстиль_178,текстиль,3,1240.0,5.0,2025-03-31 18:03:00
Db20250331180900,хоз_товар_23,хозяйственные товары,2,23560.0,0.0,2025-03-31 18:09:00
Db20250331180900,кух_принадлежность_330,кухонные принадлежности,7,190.0,5.0,2025-03-31 18:09:00
Db20250331180900,мебель_4,мебель,1,300.0,0.5,2025-03-31 18:09:00
Db20250331180900,посуда_107,посуда,2,3260.0,0.5,2025-03-31 18:09:00
Db20250331180900,мебель_153,мебель,1,250.0,0.0,2025-03-31 18:09:00
Db20250331181700,кух_принадлежность_89,кухонные принадлежности,1,4310.0,0.0,2025-03-31 18:17:00
Db20250331181700,мебель_198,мебель,2,630.0,0.0,2025-03-31 18:17:00
Db20250331181800,мебель_55,мебель,1,1190.0,0.5,2025-03-31 18:18:00
Db20250331181800,текстиль_196,текстиль,3,660.0,2.5,2025-03-31 18:18:00
Db20250331181800,текстиль_47,текстиль,1,2940.0,0.5,2025-03-31 18:18:00
Db20250331181800,хоз_товар_105,хозяйственные товары,3,5200.0,0.0,2025-03-31 18:18:00
Db20250331182200,хоз_товар_108,хозяйственные товары,5,1940.0,0.0,2025-03-31 18:22:00
Db20250331182400,посуда_66,посуда,1,1250.0,0.0,2025-03-31 18:24:00
Db20250331182400,кух_принадлежность_151,кухонные принадлежности,1,630.0,0.5,2025-03-31 18:24:00
Db20250331182800,хоз_товар_126,хозяйственные товары,2,1000.0,0.5,2025-03-31 18:28:00
Db20250331183000,текстиль_93,текстиль,1,2960.0,5.0,2025-03-31 18:30:00
Db20250331183000,текстиль_92,текстиль,3,2040.0,0.0,2025-03-31 18:30:00
Db20250331184100,кух_принадлежность_370,кухонные принадлежности,2,760.0,0.5,2025-03-31 18:41:00
Db20250331184100,текстиль_50,текстиль,1,13220.0,0.0,2025-03-31 18:41:00
Db20250331184100,текстиль_297,текстиль,1,1410.0,0.5,2025-03-31 18:41:00
Db20250331184100,мебель_46,мебель,1,8630.0,2.5,2025-03-31 18:41:00
Db20250331184100,хоз_товар_84,хозяйственные товары,2,16420.0,5.0,2025-03-31 18:41:00
Db20250331184100,мебель_171,мебель,2,1220.0,0.5,2025-03-31 18:41:00
Db20250331184100,текстиль_152,текстиль,4,670.0,0.5,2025-03-31 18:41:00
Db20250331184100,текстиль_145,текстиль,3,3630.0,2.5,2025-03-31 18:41:00
Db20250331184100,хоз_товар_144,хозяйственные товары,2,1800.0,0.0,2025-03-31 18:41:00
Db20250331184100,кух_принадлежность_3,кухонные принадлежности,5,2220.0,0.0,2025-03-31 18:41:00
Db20250331184400,мебель_275,мебель,1,1860.0,0.0,2025-03-31 18:44:00
Db20250331185000,дом_интерьер_7,домашний интерьер,3,340.0,0.0,2025-03-31 18:50:00
Db20250331185100,мебель_471,мебель,1,70.0,0.5,2025-03-31 18:51:00
Db20250331185100,мебель_370,мебель,2,7470.0,0.0,2025-03-31 18:51:00
Db20250331185100,мебель_138,мебель,1,3500.0,0.5,2025-03-31 18:51:00
Db20250331185100,свет_139,освещение,2,3110.0,1.0,2025-03-31 18:51:00
Db20250331185200,кух_принадлежность_93,кухонные принадлежности,1,620.0,0.0,2025-03-31 18:52:00
Db20250331185200,мебель_451,мебель,2,430.0,0.5,2025-03-31 18:52:00
Db20250331185300,мебель_50,мебель,2,1590.0,0.0,2025-03-31 18:53:00
Db20250331185300,кух_принадлежность_25,кухонные принадлежности,1,1720.0,5.0,2025-03-31 18:53:00
Db20250331185300,посуда_24,посуда,2,1660.0,0.5,2025-03-31 18:53:00
Db20250331185300,посуда_34,посуда,5,6390.0,0.0,2025-03-31 18:53:00
Db20250331185300,кух_принадлежность_256,кухонные принадлежности,1,1310.0,0.5,2025-03-31 18:53:00
Db20250331185400,хоз_товар_5,хозяйственные товары,1,3300.0,0.0,2025-03-31 18:54:00
Db20250331185400,текстиль_173,текстиль,1,1230.0,0.0,2025-03-31 18:54:00
Db20250331185600,свет_71,освещение,2,2790.0,0.0,2025-03-31 18:56:00
Db20250331190400,мебель_385,мебель,1,9700.0,0.0,2025-03-31 19:04:00
Db20250331190400,быт_химия_84,бытовая химия,3,690.0,0.0,2025-03-31 19:04:00
Db20250331190400,дом_интерьер_98,домашний интерьер,1,1900.0,1.0,2025-03-31 19:04:00
Db20250331190400,свет_44,освещение,2,2270.0,2.5,2025-03-31 19:04:00
Db20250331190400,хоз_товар_55,хозяйственные товары,1,630.0,2.5,2025-03-31 19:04:00
Db20250331190400,кух_принадлежность_107,кухонные принадлежности,1,830.0,1.0,2025-03-31 19:04:00
Db20250331190400,посуда_0,посуда,1,270.0,0.5,2025-03-31 19:04:00
Db20250331190600,дом_интерьер_11,домашний интерьер,4,5090.0,0.0,2025-03-31 19:06:00
Db20250331191000,текстиль_14,текстиль,1,810.0,0.5,2025-03-31 19:10:00
Db20250331191000,посуда_29,посуда,1,8300.0,1.0,2025-03-31 19:10:00
Db20250331191000,посуда_115,посуда,7,880.0,0.0,2025-03-31 19:10:00
Db20250331191900,быт_химия_87,бытовая химия,2,2450.0,0.5,2025-03-31 19:19:00
Db20250331191900,свет_43,освещение,6,380.0,1.0,2025-03-31 19:19:00
Db20250331191900,быт_химия_90,бытовая химия,3,2090.0,0.0,2025-03-31 19:19:00
Db20250331192000,кух_принадлежность_374,кухонные принадлежности,3,1380.0,0.0,2025-03-31 19:20:00
Db20250331192000,кух_принадлежность_338,кухонные принадлежности,2,4860.0,0.0,2025-03-31 19:20:00
Db20250331192600,кух_принадлежность_40,кухонные принадлежности,6,4420.0,0.5,2025-03-31 19:26:00
Db20250331192600,мебель_156,мебель,4,3380.0,0.5,2025-03-31 19:26:00
Db20250331192600,мебель_366,мебель,1,16600.0,0.0,2025-03-31 19:26:00
Db20250331192600,хоз_товар_54,хозяйственные товары,2,13290.0,0.5,2025-03-31 19:26:00
Db20250331192600,текстиль_189,текстиль,1,310.0,2.5,2025-03-31 19:26:00
Db20250331192600,кух_принадлежность_162,кухонные принадлежности,2,10210.0,0.0,2025-03-31 19:26:00
Db20250331192600,дом_интерьер_59,домашний интерьер,2,880.0,2.5,2025-03-31 19:26:00
Db20250331192700,мебель_487,мебель,2,1350.0,1.0,2025-03-31 19:27:00
Db20250331192700,текстиль_36,текстиль,2,2130.0,0.5,2025-03-31 19:27:00
Db20250331192700,кух_принадлежность_256,кухонные принадлежности,1,1310.0,0.5,2025-03-31 19:27:00
Db20250331192700,свет_39,освещение,1,3520.0,0.0,2025-03-31 19:27:00
Db20250331192700,мебель_162,мебель,1,1000.0,0.5,2025-03-31 19:27:00
Db20250331192900,дом_интерьер_85,домашний интерьер,1,3710.0,0.0,2025-03-31 19:29:00
Db20250331193100,мебель_252,мебель,1,690.0,0.0,2025-03-31 19:31:00
Db20250331193100,текстиль_212,текстиль,3,1240.0,0.0,2025-03-31 19:31:00
Db20250331193100,кух_принадлежность_134,кухонные принадлежности,3,2160.0,1.0,2025-03-31 19:31:00
Db20250331193100,дом_интерьер_4,домашний интерьер,1,4840.0,0.5,2025-03-31 19:31:00
Db20250331193500,мебель_277,мебель,2,1420.0,0.0,2025-03-31 19:35:00
Db20250331193900,дом_интерьер_6,домашний интерьер,1,5060.0,1.0,2025-03-31 19:39:00
Db20250331194200,кух_принадлежность_131,кухонные принадлежности,3,14470.0,0.0,2025-03-31 19:42:00
Db20250331194200,свет_66,освещение,3,4030.0,0.0,2025-03-31 19:42:00
Db20250331194400,кух_принадлежность_192,кухонные принадлежности,1,8970.0,0.5,2025-03-31 19:44:00
Db20250331194400,мебель_364,мебель,4,2130.0,0.5,2025-03-31 19:44:00
Db20250331194400,быт_химия_13,бытовая химия,4,10300.0,0.0,2025-03-31 19:44:00
Db20250331194500,дом_интерьер_99,домашний интерьер,1,1080.0,5.0,2025-03-31 19:45:00
Db20250331194600,мебель_97,мебель,1,2520.0,0.0,2025-03-31 19:46:00
Db20250331194900,быт_химия_99,бытовая химия,2,490.0,0.0,2025-03-31 19:49:00
Db20250331195100,посуда_14,посуда,3,950.0,0.0,2025-03-31 19:51:00
Db20250331195400,текстиль_199,текстиль,1,820.0,0.0,2025-03-31 19:54:00
Db20250331195400,кух_принадлежность_189,кухонные принадлежности,4,1770.0,0.5,2025-03-31 19:54:00
Db20250331200600,кух_принадлежность_276,кухонные принадлежности,1,950.0,0.0,2025-03-31 20:06:00
Db20250331200600,свет_91,освещение,2,950.0,0.5,2025-03-31 20:06:00
Db20250331200700,мебель_335,мебель,8,1580.0,0.5,2025-03-31 20:07:00
Db20250331201000,мебель_285,мебель,2,680.0,0.0,2025-03-31 20:10:00
Db20250331201000,посуда_79,посуда,2,6600.0,0.0,2025-03-31 20:10:00
Db20250331201000,дом_интерьер_47,домашний интерьер,1,5790.0,0.0,2025-03-31 20:10:00
Db20250331201300,хоз_товар_114,хозяйственные товары,1,940.0,0.0,2025-03-31 20:13:00
Db20250331201300,посуда_7,посуда,1,630.0,0.5,2025-03-31 20:13:00
Db20250331201300,текстиль_292,текстиль,10,1300.0,0.5,2025-03-31 20:13:00
Db20250331201500,кух_принадлежность_318,кухонные принадлежности,2,1650.0,0.0,2025-03-31 20:15:00
Db20250331201700,мебель_380,мебель,1,1250.0,0.0,2025-03-31 20:17:00
Db20250331201700,дом_интерьер_98,домашний интерьер,2,1900.0,1.0,2025-03-31 20:17:00
Db20250331201700,мебель_177,мебель,1,5260.0,1.0,2025-03-31 20:17:00
Db20250331201700,хоз_товар_45,хозяйственные товары,1,1650.0,0.5,2025-03-31 20:17:00
Db20250331201700,свет_40,освещение,1,4190.0,1.0,2025-03-31 20:17:00
Db20250331201700,мебель_441,мебель,1,310.0,0.0,2025-03-31 20:17:00
Db20250331201900,дом_интерьер_53,домашний интерьер,1,480.0,1.0,2025-03-31 20:19:00
Db20250331201900,кух_принадлежность_249,кухонные принадлежности,4,830.0,0.0,2025-03-31 20:19:00
Db20250331201900,мебель_60,мебель,1,290.0,0.0,2025-03-31 20:19:00
Db20250331201900,мебель_307,мебель,10,2490.0,0.5,2025-03-31 20:19:00
Db20250331201900,кух_принадлежность_2,кухонные принадлежности,1,380.0,0.0,2025-03-31 20:19:00
Db20250331201900,кух_принадлежность_233,кухонные принадлежности,4,9330.0,1.0,2025-03-31 20:19:00
Db20250331202000,свет_119,освещение,1,4570.0,0.0,2025-03-31 20:20:00
Db20250331202100,текстиль_252,текстиль,1,270.0,0.0,2025-03-31 20:21:00
Db20250331202300,кух_принадлежность_60,кухонные принадлежности,5,4550.0,2.5,2025-03-31 20:23:00
Db20250331202300,кух_принадлежность_378,кухонные принадлежности,1,2390.0,0.5,2025-03-31 20:23:00
Db20250331202300,посуда_114,посуда,1,3490.0,1.0,2025-03-31 20:23:00
Db20250331202300,хоз_товар_141,хозяйственные товары,2,200.0,0.0,2025-03-31 20:23:00
Db20250331203300,текстиль_7,текстиль,3,6560.0,2.5,2025-03-31 20:33:00
Db20250331203300,текстиль_71,текстиль,2,1020.0,1.0,2025-03-31 20:33:00
Db20250331203300,свет_126,освещение,1,3890.0,0.0,2025-03-31 20:33:00
Db20250331203300,дом_интерьер_47,домашний интерьер,7,5790.0,0.0,2025-03-31 20:33:00
Db20250331203400,дом_интерьер_43,домашний интерьер,1,1380.0,0.0,2025-03-31 20:34:00
Db20250331204000,кух_принадлежность_268,кухонные принадлежности,1,490.0,5.0,2025-03-31 20:40:00
Db20250331204000,мебель_474,мебель,5,8040.0,0.0,2025-03-31 20:40:00
Db20250331204000,посуда_158,посуда,2,4090.0,0.0,2025-03-31 20:40:00
Db20250331204500,текстиль_149,текстиль,1,420.0,1.0,2025-03-31 20:45:00
Db20250331205100,мебель_169,мебель,1,520.0,0.0,2025-03-31 20:51:00
Db20250331205900,мебель_21,мебель,1,620.0,0.0,2025-03-31 20:59:00
Db20250331205900,кух_принадлежность_232,кухонные принадлежности,1,10760.0,0.0,2025-03-31 20:59:00
Db20250331210600,быт_химия_66,бытовая химия,3,1150.0,0.0,2025-03-31 21:06:00
Db20250331210600,свет_126,освещение,7,3890.0,0.0,2025-03-31 21:06:00
Db20250331210800,мебель_72,мебель,5,1360.0,0.5,2025-03-31 21:08:00
Db20250331210800,кух_принадлежность_239,кухонные принадлежности,3,5090.0,2.5,2025-03-31 21:08:00
Db20250331210800,быт_химия_39,бытовая химия,1,610.0,1.0,2025-03-31 21:08:00
Db20250331211000,кух_принадлежность_154,кухонные принадлежности,7,260.0,0.0,2025-03-31 21:10:00
Db20250331211000,кух_принадлежность_216,кухонные принадлежности,4,2390.0,0.5,2025-03-31 21:10:00
Db20250331211000,свет_8,освещение,1,2820.0,0.5,2025-03-31 21:10:00
Db20250331211000,мебель_381,мебель,1,320.0,0.0,2025-03-31 21:10:00
Db20250331211400,кух_принадлежность_327,кухонные принадлежности,1,3770.0,0.5,2025-03-31 21:14:00
Db20250331211500,текстиль_278,текстиль,2,3360.0,0.0,2025-03-31 21:15:00
Db20250331211500,дом_интерьер_71,домашний интерьер,2,1800.0,0.0,2025-03-31 21:15:00
Db20250331211500,текстиль_17,текстиль,2,4180.0,0.5,2025-03-31 21:15:00
Db20250331211500,кух_принадлежность_266,кухонные принадлежности,5,2430.0,0.0,2025-03-31 21:15:00
Db20250331211500,текстиль_31,текстиль,2,4250.0,0.5,2025-03-31 21:15:00
Db20250331211500,кух_принадлежность_385,кухонные принадлежности,3,1080.0,0.0,2025-03-31 21:15:00
Db20250331211500,кух_принадлежность_192,кухонные принадлежности,7,8970.0,0.5,2025-03-31 21:15:00
Db20250331211500,мебель_71,мебель,1,4470.0,0.0,2025-03-31 21:15:00
Db20250331211500,посуда_153,посуда,1,330.0,0.0,2025-03-31 21:15:00
Db20250331211700,мебель_55,мебель,2,1190.0,0.5,2025-03-31 21:17:00
Db20250331211700,мебель_377,мебель,1,2630.0,0.5,2025-03-31 21:17:00
Db20250331211700,мебель_423,мебель,1,1420.0,0.5,2025-03-31 21:17:00
Db20250331211700,хоз_товар_30,хозяйственные товары,1,880.0,0.0,2025-03-31 21:17:00
Db20250331211700,мебель_445,мебель,2,120.0,0.0,2025-03-31 21:17:00
Db20250331212300,посуда_8,посуда,1,4750.0,2.5,2025-03-31 21:23:00
Db20250331212300,быт_химия_63,бытовая химия,7,3220.0,1.0,2025-03-31 21:23:00
Db20250331212600,мебель_485,мебель,2,1060.0,0.0,2025-03-31 21:26:00
Db20250331212600,мебель_491,мебель,1,2070.0,0.0,2025-03-31 21:26:00
Db20250331212600,посуда_108,посуда,2,270.0,0.0,2025-03-31 21:26:00
Db20250331212600,мебель_413,мебель,2,650.0,1.0,2025-03-31 21:26:00
Db20250331212800,кух_принадлежность_335,кухонные принадлежности,5,450.0,0.0,2025-03-31 21:28:00
Db20250331212900,текстиль_184,текстиль,1,8080.0,2.5,2025-03-31 21:29:00
Db20250331212900,мебель_95,мебель,2,4590.0,0.0,2025-03-31 21:29:00
Db20250331213300,посуда_136,посуда,1,570.0,0.0,2025-03-31 21:33:00
Db20250331213300,мебель_2,мебель,2,1210.0,10.0,2025-03-31 21:33:00
Db20250331213300,текстиль_3,текстиль,2,2520.0,1.0,2025-03-31 21:33:00
Db20250331213300,посуда_89,посуда,2,3580.0,0.5,2025-03-31 21:33:00
Db20250331213300,мебель_139,мебель,1,2090.0,0.0,2025-03-31 21:33:00
Db20250331213300,хоз_товар_131,хозяйственные товары,1,1910.0,0.0,2025-03-31 21:33:00
Db20250331213300,дом_интерьер_92,домашний интерьер,4,1120.0,0.0,2025-03-31 21:33:00
Db20250331213300,дом_интерьер_3,домашний интерьер,2,5580.0,0.0,2025-03-31 21:33:00
Db20250331213400,свет_14,освещение,2,1620.0,0.0,2025-03-31 21:34:00
Db20250331214700,текстиль_192,текстиль,1,520.0,0.0,2025-03-31 21:47:00
Db20250331214700,кух_принадлежность_263,кухонные принадлежности,3,9290.0,0.0,2025-03-31 21:47:00
Db20250331214900,текстиль_137,текстиль,2,740.0,0.0,2025-03-31 21:49:00
Db20250331214900,кух_принадлежность_116,кухонные принадлежности,3,880.0,0.5,2025-03-31 21:49:00
Db20250331215400,мебель_247,мебель,1,690.0,0.0,2025-03-31 21:54:00
Db20250331215400,кух_принадлежность_316,кухонные принадлежности,4,260.0,0.5,2025-03-31 21:54:00
Db20250331215400,мебель_294,мебель,2,1840.0,1.0,2025-03-31 21:54:00
Db20250331215400,свет_22,освещение,4,3050.0,0.0,2025-03-31 21:54:00
Db20250331215400,посуда_6,посуда,4,1030.0,0.5,2025-03-31 21:54:00
Db20250331215400,посуда_24,посуда,1,1660.0,0.5,2025-03-31 21:54:00
Db20250331215400,кух_принадлежность_202,кухонные принадлежности,3,4910.0,0.0,2025-03-31 21:54:00
Db20250331215400,посуда_61,посуда,3,130.0,0.0,2025-03-31 21:54:00
Db20250331215400,дом_интерьер_92,домашний интерьер,3,1120.0,0.0,2025-03-31 21:54:00
Db20250331215400,свет_123,освещение,4,380.0,0.5,2025-03-31 21:54:00
Db20250331215400,текстиль_279,текстиль,1,1320.0,0.0,2025-03-31 21:54:00
Db20250331215400,мебель_436,мебель,2,310.0,0.0,2025-03-31 21:54:00
Db20250331215400,мебель_74,мебель,3,780.0,0.0,2025-03-31 21:54:00
Db20250331215400,мебель_214,мебель,3,2760.0,0.0,2025-03-31 21:54:00
Db20250331215400,мебель_468,мебель,3,1310.0,0.0,2025-03-31 21:54:00
Db20250331215400,текстиль_136,текстиль,2,3580.0,0.5,2025-03-31 21:54:00
Db20250331215500,мебель_276,мебель,4,1530.0,0.0,2025-03-31 21:55:00
Db20250331215500,кух_принадлежность_119,кухонные принадлежности,1,940.0,2.5,2025-03-31 21:55:00
Db20250331215500,посуда_35,посуда,12,4020.0,1.0,2025-03-31 21:55:00
Db20250331215500,быт_химия_40,бытовая химия,2,3000.0,0.0,2025-03-31 21:55:00
Db20250331215500,текстиль_269,текстиль,1,880.0,0.5,2025-03-31 21:55:00
